연도,학년,과목,문형,문항번호,성취기준_코드,시대,문제형식,세부형식,자료핵심요소,정답,정답핵심요소,이미지경로,원본PDF,처리일시
2024,고1,역사,가형,1,9역07-01,삼국시대 이전,답사형,가이드 1명 설명,"고인돌, 계급 발생",4,청동기,output/images/basic/2024_고1_역사_가형_1.png,input/pdf/고1한국사/(2024)고1역사2(가형)검사지.pdf,2026-07-08T16:17:31+09:00
2024,고1,역사,가형,2,9역07-02,삼국시대 이전,수업형,탐구 활동 보고서,"주몽, 동맹, 서옥제",5,고구려,output/images/basic/2024_고1_역사_가형_2.png,input/pdf/고1한국사/(2024)고1역사2(가형)검사지.pdf,2026-07-08T16:17:31+09:00
2024,고1,역사,가형,3,9역07-01,삼국시대 이전,대화형,학생 3인 대화,"청동기 문화, 8조법, 단군왕검",5,고조선,output/images/basic/2024_고1_역사_가형_3.png,input/pdf/고1한국사/(2024)고1역사2(가형)검사지.pdf,2026-07-08T16:17:31+09:00
2024,고1,역사,가형,4,9역07-03,삼국시대,대화형,역사 인물 대화,"장수왕, 영락 연호, 고구려 정복 활동",5,광개토 대왕,output/images/basic/2024_고1_역사_가형_4.png,input/pdf/고1한국사/(2024)고1역사2(가형)검사지.pdf,2026-07-08T16:17:31+09:00
2024,고1,역사,가형,5,9역07-04,삼국시대,자료 제시형,백과사전,"석가모니, 사찰, 탑, 불상",3,불교,output/images/basic/2024_고1_역사_가형_5.png,input/pdf/고1한국사/(2024)고1역사2(가형)검사지.pdf,2026-07-08T16:17:31+09:00
2024,고1,역사,가형,6,9역08-01,남북국시대,마인드맵형,인과 관계도,"나당 동맹, 백제 멸망, 고구려 멸망, 나당 전쟁",5,삼국 통일,output/images/basic/2024_고1_역사_가형_6.png,input/pdf/고1한국사/(2024)고1역사2(가형)검사지.pdf,2026-07-08T16:17:31+09:00
2024,고1,역사,가형,7,9역08-01,남북국시대,수업형,교사와 학생 대화,"발해, 일본에 보낸 외교 문서, 고려(고구려) 왕 자칭",5,고구려 계승 의식,output/images/basic/2024_고1_역사_가형_7.png,input/pdf/고1한국사/(2024)고1역사2(가형)검사지.pdf,2026-07-08T16:17:31+09:00
2024,고1,역사,가형,8,9역08-02,남북국시대,퀴즈형,골든벨,"국학, 신문왕",3,인재 양성,output/images/basic/2024_고1_역사_가형_8.png,input/pdf/고1한국사/(2024)고1역사2(가형)검사지.pdf,2026-07-08T16:17:31+09:00
2024,고1,역사,가형,9,9역08-03,남북국시대,자료 제시형,가상현실(VR) 체험,"다보탑, 불교의 이상 세계",3,불국사,output/images/basic/2024_고1_역사_가형_9.png,input/pdf/고1한국사/(2024)고1역사2(가형)검사지.pdf,2026-07-08T16:17:31+09:00
2024,고1,역사,가형,10,9역08-02,남북국시대,퀴즈형,스피드 퀴즈,"골품제, 관직 진출 제한, 최치원",1,6두품,output/images/basic/2024_고1_역사_가형_10.png,input/pdf/고1한국사/(2024)고1역사2(가형)검사지.pdf,2026-07-08T16:17:31+09:00
2024,고1,역사,가형,11,9역09-01,고려,카드형,역사 인물 카드,"태조 왕건, 후삼국 통일, 훈요 10조",1,고려 건국,output/images/basic/2024_고1_역사_가형_11.png,input/pdf/고1한국사/(2024)고1역사2(가형)검사지.pdf,2026-07-08T16:17:31+09:00
2024,고1,역사,가형,12,9역09-01,고려,영상자료형,드라마 장면 자료,"무신 정변, 문신에 대한 차별, 정중부",4,무신 정변,output/images/basic/2024_고1_역사_가형_12.png,input/pdf/고1한국사/(2024)고1역사2(가형)검사지.pdf,2026-07-08T16:17:31+09:00
2024,고1,역사,가형,13,9역09-02,고려,대화형,역사 인물 대화,"서희, 소손녕, 거란과의 외교 담판",1,서희,output/images/basic/2024_고1_역사_가형_13.png,input/pdf/고1한국사/(2024)고1역사2(가형)검사지.pdf,2026-07-08T16:17:31+09:00
2024,고1,역사,가형,14,9역09-03,고려,대화형,백성 2인 대화,"기철, 친원 세력, 권문세족의 횡포",2,반원 자주 개혁,output/images/basic/2024_고1_역사_가형_14.png,input/pdf/고1한국사/(2024)고1역사2(가형)검사지.pdf,2026-07-08T16:17:31+09:00
2024,고1,역사,가형,15,9역09-04,고려,대화형,학생 2인 대화,"김부식, 삼국사기",2,삼국사기,output/images/basic/2024_고1_역사_가형_15.png,input/pdf/고1한국사/(2024)고1역사2(가형)검사지.pdf,2026-07-08T16:17:31+09:00
2024,고1,역사,가형,16,9역10-01,조선,대화형,역사 인물 대화,"이성계, 위화도 회군, 요동 정벌 중단",3,조선의 건국 과정,output/images/basic/2024_고1_역사_가형_16.png,input/pdf/고1한국사/(2024)고1역사2(가형)검사지.pdf,2026-07-08T16:17:31+09:00
2024,고1,역사,가형,17,9역09-04,고려,카드형,문화유산 카드,"고려 자기, 상감 기법",2,상감 청자,output/images/basic/2024_고1_역사_가형_17.png,input/pdf/고1한국사/(2024)고1역사2(가형)검사지.pdf,2026-07-08T16:17:31+09:00
2024,고1,역사,가형,18,9역10-02,조선,수업형,칠판 판서,"훈구와 사림의 갈등, 4차례에 걸친 발생",1,사화,output/images/basic/2024_고1_역사_가형_18.png,input/pdf/고1한국사/(2024)고1역사2(가형)검사지.pdf,2026-07-08T16:17:31+09:00
2024,고1,역사,가형,19,9역10-03,조선,영상자료형,TV 영상 자료,"세종, 훈민정음, 소리 글자",2,집현전 설치,output/images/basic/2024_고1_역사_가형_19.png,input/pdf/고1한국사/(2024)고1역사2(가형)검사지.pdf,2026-07-08T16:17:31+09:00
2024,고1,역사,가형,20,9역10-04,조선,카드형,역사 인물 카드,"임진왜란, 한산도 대첩, 노량 해전",4,이순신,output/images/basic/2024_고1_역사_가형_20.png,input/pdf/고1한국사/(2024)고1역사2(가형)검사지.pdf,2026-07-08T16:17:31+09:00
2024,고1,역사,가형,21,9역11-01,조선,대화형,역사 인물 대화,"허준, 전쟁과 질병으로 고통받는 백성 구제",4,동의보감 편찬 목적,output/images/basic/2024_고1_역사_가형_21.png,input/pdf/고1한국사/(2024)고1역사2(가형)검사지.pdf,2026-07-08T16:17:31+09:00
2024,고1,역사,가형,22,9역11-01,조선,대화형,역사 인물 대화,"영조, 붕당 정치의 폐해",3,탕평책,output/images/basic/2024_고1_역사_가형_22.png,input/pdf/고1한국사/(2024)고1역사2(가형)검사지.pdf,2026-07-08T16:17:31+09:00
2024,고1,역사,가형,23,9역11-02,조선,영상자료형,다큐멘터리 예고 자료,"전정, 군정, 환곡",5,삼정의 문란,output/images/basic/2024_고1_역사_가형_23.png,input/pdf/고1한국사/(2024)고1역사2(가형)검사지.pdf,2026-07-08T16:17:31+09:00
2024,고1,역사,가형,24,9역11-03,조선,답사형,가이드 1명 설명,"정약용, 거중기",1,수원 화성,output/images/basic/2024_고1_역사_가형_24.png,input/pdf/고1한국사/(2024)고1역사2(가형)검사지.pdf,2026-07-08T16:17:31+09:00
2024,고1,역사,가형,25,9역11-04,조선,실내전시형,미술 작품 해설,"서민 문화, 감정의 적극적 표현",1,풍속화,output/images/basic/2024_고1_역사_가형_25.png,input/pdf/고1한국사/(2024)고1역사2(가형)검사지.pdf,2026-07-08T16:17:31+09:00
2024,고1,역사,가형,26,9역12-01,개항기,수업형,수행평가 보고서,"안중근, 이토 히로부미, 하얼빈 의거",4,일제 침략에 대한 저항,output/images/basic/2024_고1_역사_가형_26.png,input/pdf/고1한국사/(2024)고1역사2(가형)검사지.pdf,2026-07-08T16:17:31+09:00
2024,고1,역사,가형,27,9역12-01,일제강점기,계획서형,답사 계획서,"태화관, 탑골 공원, 서대문 형무소, 유관순",1,3·1 운동,output/images/basic/2024_고1_역사_가형_27.png,input/pdf/고1한국사/(2024)고1역사2(가형)검사지.pdf,2026-07-08T16:17:31+09:00
2024,고1,역사,가형,28,9역12-02,현대,대화형,성인 2인 대화,"박정희 정부, 산업화, 수출 증가",2,경제 개발 계획,output/images/basic/2024_고1_역사_가형_28.png,input/pdf/고1한국사/(2024)고1역사2(가형)검사지.pdf,2026-07-08T16:17:31+09:00
2024,고1,역사,가형,29,9역12-03,현대,자료 제시형,역사 사진 전시,"신군부 세력의 쿠데타, 계엄군의 무력 진압, 전남 도청",5,5·18 민주화 운동,output/images/basic/2024_고1_역사_가형_29.png,input/pdf/고1한국사/(2024)고1역사2(가형)검사지.pdf,2026-07-08T16:17:31+09:00
2024,고1,역사,가형,30,9역12-04,현대,영상자료형,극장 뉴스 영상 자료,"6·25 전쟁, 전쟁 고아",5,이산가족,output/images/basic/2024_고1_역사_가형_30.png,input/pdf/고1한국사/(2024)고1역사2(가형)검사지.pdf,2026-07-08T16:17:31+09:00
2024,고1,역사,나형,1,9역07-01,삼국시대 이전,실내전시형,박물관 유물 관람,"구석기 시대, 뗀석기",2,구석기 시대,output/images/basic/2024_고1_역사_나형_1.png,input/pdf/고1한국사/(2024)고1역사2(나형)검사지.pdf,2026-07-08T16:17:31+09:00
2024,고1,역사,나형,2,9역07-02,삼국시대 이전,자료 제시형,특징 목록 제시,"마한, 진한, 변한, 삼한, 소도, 제천 행사",2,삼한의 사회 모습,output/images/basic/2024_고1_역사_나형_2.png,input/pdf/고1한국사/(2024)고1역사2(나형)검사지.pdf,2026-07-08T16:17:31+09:00
2024,고1,역사,나형,3,9역07-03,삼국시대,대화형,학생 3인 대화,"장수왕, 평양 천도, 남진 정책",3,장수왕(고구려 전성기),output/images/basic/2024_고1_역사_나형_3.png,input/pdf/고1한국사/(2024)고1역사2(나형)검사지.pdf,2026-07-08T16:17:31+09:00
2024,고1,역사,나형,4,9역08-02,남북국시대,자료 제시형,역사 사전 자료,"신라 골품제, 성골, 진골, 6두품, 5두품",2,골품제,output/images/basic/2024_고1_역사_나형_4.png,input/pdf/고1한국사/(2024)고1역사2(나형)검사지.pdf,2026-07-08T16:17:31+09:00
2024,고1,역사,나형,5,9역07-01,삼국시대 이전,자료 제시형,건국 신화 사료,"단군왕검, 고조선 건국 신화",4,고조선,output/images/basic/2024_고1_역사_나형_5.png,input/pdf/고1한국사/(2024)고1역사2(나형)검사지.pdf,2026-07-08T16:17:31+09:00
2024,고1,역사,나형,6,9역07-04,삼국시대,자료 제시형,문화유산 조사 보고서,"삼국 시대 불교 문화유산, 익산 미륵사지 석탑",5,금동미륵보살반가사유상,output/images/basic/2024_고1_역사_나형_6.png,input/pdf/고1한국사/(2024)고1역사2(나형)검사지.pdf,2026-07-08T16:17:31+09:00
2024,고1,역사,나형,7,9역08-01,남북국시대,대화형,시기 전후 장면 대화,"김춘추, 진덕 여왕, 나당 동맹, 삼국 통일",5,황산벌 전투(백제 멸망),output/images/basic/2024_고1_역사_나형_7.png,input/pdf/고1한국사/(2024)고1역사2(나형)검사지.pdf,2026-07-08T16:17:31+09:00
2024,고1,역사,나형,8,9역08-01,남북국시대,자료 제시형,역사서 목차 제시,"대조영, 발해 건국, 고구려 계승",4,해동성국,output/images/basic/2024_고1_역사_나형_8.png,input/pdf/고1한국사/(2024)고1역사2(나형)검사지.pdf,2026-07-08T16:17:31+09:00
2024,고1,역사,나형,9,9역08-02,남북국시대,마인드맵형,인물 정책 개념도,"신문왕, 관료전 지급, 녹읍 폐지, 국학, 김흠돌",4,왕권 강화,output/images/basic/2024_고1_역사_나형_9.png,input/pdf/고1한국사/(2024)고1역사2(나형)검사지.pdf,2026-07-08T16:17:31+09:00
2024,고1,역사,나형,10,9역08-03,남북국시대,자료 제시형,우표 문화유산 제시,"통일 신라 불교 사찰, 김대성, 석가탑, 다보탑",3,불국사,output/images/basic/2024_고1_역사_나형_10.png,input/pdf/고1한국사/(2024)고1역사2(나형)검사지.pdf,2026-07-08T16:17:31+09:00
2024,고1,역사,나형,11,9역09-01,고려,대화형,왕과 신하 대화,"광종, 쌍기, 과거제",1,과거제,output/images/basic/2024_고1_역사_나형_11.png,input/pdf/고1한국사/(2024)고1역사2(나형)검사지.pdf,2026-07-08T16:17:31+09:00
2024,고1,역사,나형,12,9역09-01,고려,자료 제시형,인물 발언 사료,"만적, 무신 정권, 노비 문서",4,무신 정권 시기 천민의 봉기,output/images/basic/2024_고1_역사_나형_12.png,input/pdf/고1한국사/(2024)고1역사2(나형)검사지.pdf,2026-07-08T16:17:31+09:00
2024,고1,역사,나형,13,9역09-02,고려,대화형,전투 상황 대화(적장-아군),"강감찬, 귀주 대첩, 거란 침입",4,강감찬,output/images/basic/2024_고1_역사_나형_13.png,input/pdf/고1한국사/(2024)고1역사2(나형)검사지.pdf,2026-07-08T16:17:31+09:00
2024,고1,역사,나형,14,9역09-03,고려,수업형,학생 미술 과제,"배중손, 삼별초, 강화도, 진도",3,몽골에 대한 항전 의지,output/images/basic/2024_고1_역사_나형_14.png,input/pdf/고1한국사/(2024)고1역사2(나형)검사지.pdf,2026-07-08T16:17:31+09:00
2024,고1,역사,나형,15,9역09-04,고려,대화형,인물 2인 대화,"직지, 금속 활자, 인쇄술",1,고려 금속 활자 인쇄술의 발전,output/images/basic/2024_고1_역사_나형_15.png,input/pdf/고1한국사/(2024)고1역사2(나형)검사지.pdf,2026-07-08T16:17:31+09:00
2024,고1,역사,나형,16,9역09-04,고려,자료 제시형,디지털 문화유산 안내,"고려 청자, 상감 기법",1,상감 기법을 활용한 고려청자,output/images/basic/2024_고1_역사_나형_16.png,input/pdf/고1한국사/(2024)고1역사2(나형)검사지.pdf,2026-07-08T16:17:31+09:00
2024,고1,역사,나형,17,9역10-01,조선,수업형,판서 순서도,"위화도 회군, 한양 천도, 경국대전",3,한양 천도,output/images/basic/2024_고1_역사_나형_17.png,input/pdf/고1한국사/(2024)고1역사2(나형)검사지.pdf,2026-07-08T16:17:31+09:00
2024,고1,역사,나형,18,9역10-02,조선,수업형,문화유산 소개 수업,"도산서원, 사림, 성리학",2,서원(지방 교육 기관),output/images/basic/2024_고1_역사_나형_18.png,input/pdf/고1한국사/(2024)고1역사2(나형)검사지.pdf,2026-07-08T16:17:31+09:00
2024,고1,역사,나형,19,9역10-03,조선,인터뷰형,역사 인물 인터뷰,"세종, 집현전, 장영실",1,훈민정음 창제,output/images/basic/2024_고1_역사_나형_19.png,input/pdf/고1한국사/(2024)고1역사2(나형)검사지.pdf,2026-07-08T16:17:31+09:00
2024,고1,역사,나형,20,9역10-04,조선,답사형,가이드 2인 대화,"임진왜란, 이순신, 울돌목",1,명량 대첩,output/images/basic/2024_고1_역사_나형_20.png,input/pdf/고1한국사/(2024)고1역사2(나형)검사지.pdf,2026-07-08T16:17:31+09:00
2024,고1,역사,나형,21,9역11-01,조선,대화형,백성 2인 대화,"대동법, 공납",3,세금 제도의 개편(대동법),output/images/basic/2024_고1_역사_나형_21.png,input/pdf/고1한국사/(2024)고1역사2(나형)검사지.pdf,2026-07-08T16:17:31+09:00
2024,고1,역사,나형,22,9역11-01,조선,수업형,역사 연극 발표,"영조, 균역법, 군포",5,백성의 군역 부담 경감,output/images/basic/2024_고1_역사_나형_22.png,input/pdf/고1한국사/(2024)고1역사2(나형)검사지.pdf,2026-07-08T16:17:31+09:00
2024,고1,역사,나형,23,9역11-02,조선,영상자료형,TV 뉴스 보도,"임술 농민 봉기, 유계춘, 진주",4,임술 농민 봉기,output/images/basic/2024_고1_역사_나형_23.png,input/pdf/고1한국사/(2024)고1역사2(나형)검사지.pdf,2026-07-08T16:17:31+09:00
2024,고1,역사,나형,24,9역11-03,조선,수업형,학생 발표,"정약용, 거중기, 토지 개혁",5,정약용,output/images/basic/2024_고1_역사_나형_24.png,input/pdf/고1한국사/(2024)고1역사2(나형)검사지.pdf,2026-07-08T16:17:31+09:00
2024,고1,역사,나형,25,9역11-04,조선,실내전시형,미술관 전시 해설,"김홍도, 김득신, 풍속화",1,조선 후기 풍속화(서민 일상 표현),output/images/basic/2024_고1_역사_나형_25.png,input/pdf/고1한국사/(2024)고1역사2(나형)검사지.pdf,2026-07-08T16:17:31+09:00
2024,고1,역사,나형,26,9역12-01,개항기,대화형,백성 3인 대화,"갑오개혁, 신분제 폐지, 과거제 폐지",2,신분제 폐지,output/images/basic/2024_고1_역사_나형_26.png,input/pdf/고1한국사/(2024)고1역사2(나형)검사지.pdf,2026-07-08T16:17:31+09:00
2024,고1,역사,나형,27,9역12-01,일제강점기,카드형,인물 카드 제시,"유관순, 3ㆍ1 운동, 아우내 장터 만세 시위",4,유관순,output/images/basic/2024_고1_역사_나형_27.png,input/pdf/고1한국사/(2024)고1역사2(나형)검사지.pdf,2026-07-08T16:17:31+09:00
2024,고1,역사,나형,28,9역12-02,현대,마인드맵형,정부 시기 특징 개념도,"박정희 정부, 유신 헌법, 수출 100억 달러",5,경제 개발 5개년 계획 추진,output/images/basic/2024_고1_역사_나형_28.png,input/pdf/고1한국사/(2024)고1역사2(나형)검사지.pdf,2026-07-08T16:17:31+09:00
2024,고1,역사,나형,29,9역12-03,현대,계획서형,유적 답사 계획서,"5ㆍ18 민주화 운동, 광주, 계엄군",5,5ㆍ18 민주화 운동,output/images/basic/2024_고1_역사_나형_29.png,input/pdf/고1한국사/(2024)고1역사2(나형)검사지.pdf,2026-07-08T16:17:31+09:00
2024,고1,역사,나형,30,9역12-04,현대,대화형,학생 3인 대화,"남북 유엔 동시 가입, 이산가족 상봉, 6ㆍ15 남북 공동 성명",5,평화 통일을 위한 노력,output/images/basic/2024_고1_역사_나형_30.png,input/pdf/고1한국사/(2024)고1역사2(나형)검사지.pdf,2026-07-08T16:17:31+09:00
2024,고2,한국사,가형,1,10한사1-01-01,삼국시대,대화형,학생 2인 대화,"백제, 한강 유역, 장수왕, 웅진 천도",2,백제,output/images/basic/2024_고2_한국사_가형_1.png,input/pdf/(2024)고2한국사(가형)검사지.pdf,2026-07-08T16:17:31+09:00
2024,고2,한국사,가형,2,10한사1-01-02,삼국시대,대화형,학생 2인 대화,"이차돈, 신라, 불교 공인, 왕즉불",3,불교,output/images/basic/2024_고2_한국사_가형_2.png,input/pdf/(2024)고2한국사(가형)검사지.pdf,2026-07-08T16:17:31+09:00
2024,고2,한국사,가형,3,10한사1-01-03,고려,대화형,역사 만화 대화,"서희, 소손녕, 거란, 여진, 고려-송 교류",3,강동 6주 확보,output/images/basic/2024_고2_한국사_가형_3.png,input/pdf/(2024)고2한국사(가형)검사지.pdf,2026-07-08T16:17:31+09:00
2024,고2,한국사,가형,4,10한사1-01-04,고려,자료 제시형,문화유산 조사 보고서,"월정사 팔각 구층석탑, 관촉사 석조 미륵보살 입상",1,고려 불교 문화,output/images/basic/2024_고2_한국사_가형_4.png,input/pdf/(2024)고2한국사(가형)검사지.pdf,2026-07-08T16:17:31+09:00
2024,고2,한국사,가형,5,10한사1-01-05,조선,대화형,학생 2인 대화,"세종, 장영실, 자격루, 혼천의",3,훈민정음 창제,output/images/basic/2024_고2_한국사_가형_5.png,input/pdf/(2024)고2한국사(가형)검사지.pdf,2026-07-08T16:17:31+09:00
2024,고2,한국사,가형,6,10한사1-01-05,조선,인터뷰형,전문가 인터뷰,"임진왜란, 도요토미 히데요시, 이순신",3,한산도 해전 승리,output/images/basic/2024_고2_한국사_가형_6.png,input/pdf/(2024)고2한국사(가형)검사지.pdf,2026-07-08T16:17:31+09:00
2024,고2,한국사,가형,7,10한사1-01-06,조선,수업형,발표 수업,"보부상, 장시, 객주, 여각, 상업",2,상업과 유통망 발달,output/images/basic/2024_고2_한국사_가형_7.png,input/pdf/(2024)고2한국사(가형)검사지.pdf,2026-07-08T16:17:31+09:00
2024,고2,한국사,가형,8,10한사1-02-01,개항기,답사형,유적 답사,"흥선 대원군, 개혁 정치, 경복궁",4,양반에게 군포 징수,output/images/basic/2024_고2_한국사_가형_8.png,input/pdf/(2024)고2한국사(가형)검사지.pdf,2026-07-08T16:17:31+09:00
2024,고2,한국사,가형,9,10한사1-02-02,개항기,수업형,토론 대화,"조선 개항 논쟁, 일본, 위정척사, 조약",1,조미 수호 통상 조약,output/images/basic/2024_고2_한국사_가형_9.png,input/pdf/(2024)고2한국사(가형)검사지.pdf,2026-07-08T16:17:31+09:00
2024,고2,한국사,가형,10,10한사1-02-03,개항기,답사형,유적 답사,"조병갑, 만석보, 전봉준, 고부, 동학 농민 운동",4,동학 농민 운동,output/images/basic/2024_고2_한국사_가형_10.png,input/pdf/(2024)고2한국사(가형)검사지.pdf,2026-07-08T16:17:31+09:00
2024,고2,한국사,가형,11,10한사1-02-04,개항기,수업형,발표 수업,"을사늑약, 헤이그 특사, 고종",5,고종 황제 강제 퇴위,output/images/basic/2024_고2_한국사_가형_11.png,input/pdf/(2024)고2한국사(가형)검사지.pdf,2026-07-08T16:17:31+09:00
2024,고2,한국사,가형,12,10한사1-02-04,일제강점기,자료 제시형,단일 자료,"안중근, 대한의군, 동양평화론, 이토 히로부미",5,이토 히로부미 저격,output/images/basic/2024_고2_한국사_가형_12.png,input/pdf/(2024)고2한국사(가형)검사지.pdf,2026-07-08T16:17:31+09:00
2024,고2,한국사,가형,13,10한사1-02-05,개항기,대화형,학생 2인 대화,"국채 보상 운동, 담배 끊기",3,국채 보상 운동,output/images/basic/2024_고2_한국사_가형_13.png,input/pdf/(2024)고2한국사(가형)검사지.pdf,2026-07-08T16:17:31+09:00
2024,고2,한국사,가형,14,10한사1-02-06,개항기,수업형,발표 수업,"대한 제국, 전차, 1899년, 한성",5,경복궁 전등 수리,output/images/basic/2024_고2_한국사_가형_14.png,input/pdf/(2024)고2한국사(가형)검사지.pdf,2026-07-08T16:17:31+09:00
2024,고2,한국사,가형,15,10한사2-01-01,일제강점기,대화형,학생 2인 대화,"조선 총독부, 독립기념관, 역사 바로 세우기",5,조선 총독부,output/images/basic/2024_고2_한국사_가형_15.png,input/pdf/(2024)고2한국사(가형)검사지.pdf,2026-07-08T16:17:31+09:00
2024,고2,한국사,가형,16,10한사2-01-01,일제강점기,수업형,토론 수업,"산미 증식 계획, 일본, 식량 확보",4,쌀 증산 비용 농민 부담,output/images/basic/2024_고2_한국사_가형_16.png,input/pdf/(2024)고2한국사(가형)검사지.pdf,2026-07-08T16:17:31+09:00
2024,고2,한국사,가형,17,10한사2-01-02,일제강점기,수업형,토론 수업,"유관순, 천안, 만세 운동, 1919년",1,3·1 운동,output/images/basic/2024_고2_한국사_가형_17.png,input/pdf/(2024)고2한국사(가형)검사지.pdf,2026-07-08T16:17:31+09:00
2024,고2,한국사,가형,18,10한사2-01-03,일제강점기,수업형,발표 수업,"의열단, 식민 통치 기관 파괴",5,식민 통치 기관 파괴,output/images/basic/2024_고2_한국사_가형_18.png,input/pdf/(2024)고2한국사(가형)검사지.pdf,2026-07-08T16:17:31+09:00
2024,고2,한국사,가형,19,10한사2-01-04,일제강점기,자료 제시형,단일 자료,"물산 장려 운동, 국산품",4,우리가 만든 것 우리가 쓰자,output/images/basic/2024_고2_한국사_가형_19.png,input/pdf/(2024)고2한국사(가형)검사지.pdf,2026-07-08T16:17:31+09:00
2024,고2,한국사,가형,20,10한사2-01-05,일제강점기,대화형,학생 2인 대화,"창씨개명, 일본식 성명",1,신사 참배 거부,output/images/basic/2024_고2_한국사_가형_20.png,input/pdf/(2024)고2한국사(가형)검사지.pdf,2026-07-08T16:17:31+09:00
2024,고2,한국사,가형,21,10한사2-01-03,일제강점기,마인드맵형,개념 연결,"홍범도, 김좌진, 봉오동, 청산리",5,항일 무장 투쟁,output/images/basic/2024_고2_한국사_가형_21.png,input/pdf/(2024)고2한국사(가형)검사지.pdf,2026-07-08T16:17:31+09:00
2024,고2,한국사,가형,22,10한사2-01-06,일제강점기,퀴즈형,골든벨,"윤봉길, 상하이 훙커우 공원",5,윤봉길,output/images/basic/2024_고2_한국사_가형_22.png,input/pdf/(2024)고2한국사(가형)검사지.pdf,2026-07-08T16:17:31+09:00
2024,고2,한국사,가형,23,10한사2-02-01,현대,퀴즈형,힌트 카드,"이승만, 4·19 혁명",4,이승만,output/images/basic/2024_고2_한국사_가형_23.png,input/pdf/(2024)고2한국사(가형)검사지.pdf,2026-07-08T16:17:31+09:00
2024,고2,한국사,가형,24,10한사2-02-02,현대,대화형,학생 2인 대화,"반민특위, 친일파",3,친일파 청산,output/images/basic/2024_고2_한국사_가형_24.png,input/pdf/(2024)고2한국사(가형)검사지.pdf,2026-07-08T16:17:31+09:00
2024,고2,한국사,가형,25,10한사2-02-03,현대,수업형,교사와 학생 대화,"6·25 전쟁, 한강 철교, 이산가족",4,이산가족 문제,output/images/basic/2024_고2_한국사_가형_25.png,input/pdf/(2024)고2한국사(가형)검사지.pdf,2026-07-08T16:17:31+09:00
2024,고2,한국사,가형,26,10한사2-02-04,현대,역사 신문형,단일 기사,"4·19 혁명, 3·15 부정 선거",1,부정 선거,output/images/basic/2024_고2_한국사_가형_26.png,input/pdf/(2024)고2한국사(가형)검사지.pdf,2026-07-08T16:17:31+09:00
2024,고2,한국사,가형,27,10한사2-02-05,현대,대화형,학생 2인 대화,"박정희, 유신 헌법, 한강의 기적",2,유신 헌법,output/images/basic/2024_고2_한국사_가형_27.png,input/pdf/(2024)고2한국사(가형)검사지.pdf,2026-07-08T16:17:31+09:00
2024,고2,한국사,가형,28,10한사2-02-04,현대,수업형,교사와 학생 대화,"광주, 계엄령, 5·18",5,5·18 민주화 운동,output/images/basic/2024_고2_한국사_가형_28.png,input/pdf/(2024)고2한국사(가형)검사지.pdf,2026-07-08T16:17:31+09:00
2024,고2,한국사,가형,29,10한사2-02-06,현대,수업형,발표 수업,"6월 민주 항쟁, 대통령 직접 선거",2,민주주의 발전,output/images/basic/2024_고2_한국사_가형_29.png,input/pdf/(2024)고2한국사(가형)검사지.pdf,2026-07-08T16:17:31+09:00
2024,고2,한국사,가형,30,10한사2-02-08,현대,마인드맵형,개념 연결,"올림픽 남북 단일팀, 6·15 공동 선언",4,평화 통일,output/images/basic/2024_고2_한국사_가형_30.png,input/pdf/(2024)고2한국사(가형)검사지.pdf,2026-07-08T16:17:31+09:00
2024,고2,한국사,나형,1,10한사1-01-01,삼국시대,대화형,학생 3인 대화,"신라, 박혁거세, 진흥왕, 대가야",3,신라,output/images/basic/2024_고2_한국사_나형_1.png,input/pdf/(2024)고2한국사(나형)검사지.pdf,2026-07-08T16:17:31+09:00
2024,고2,한국사,나형,2,10한사1-01-02,삼국시대,실내전시형,박물관 유물 제시,백제 금동 대향로,2,백제 금동 대향로,output/images/basic/2024_고2_한국사_나형_2.png,input/pdf/(2024)고2한국사(나형)검사지.pdf,2026-07-08T16:17:31+09:00
2024,고2,한국사,나형,3,10한사1-01-03,고려,수업형,발표 수업,"해인사, 팔만대장경, 몽골 침입",1,몽골의 고려 침입,output/images/basic/2024_고2_한국사_나형_3.png,input/pdf/(2024)고2한국사(나형)검사지.pdf,2026-07-08T16:17:31+09:00
2024,고2,한국사,나형,4,10한사1-01-04,고려,수업형,활동지,"의천, 지눌, 천태종",1,고려 불교 발전,output/images/basic/2024_고2_한국사_나형_4.png,input/pdf/(2024)고2한국사(나형)검사지.pdf,2026-07-08T16:17:31+09:00
2024,고2,한국사,나형,5,10한사1-01-05,조선,답사형,유적 답사,"영릉, 세종",2,집현전 설치,output/images/basic/2024_고2_한국사_나형_5.png,input/pdf/(2024)고2한국사(나형)검사지.pdf,2026-07-08T16:17:31+09:00
2024,고2,한국사,나형,6,10한사1-01-05,조선,영상자료형,미디어 자료,"병자호란, 인조",2,인조 삼전도 항복,output/images/basic/2024_고2_한국사_나형_6.png,input/pdf/(2024)고2한국사(나형)검사지.pdf,2026-07-08T16:17:31+09:00
2024,고2,한국사,나형,7,10한사1-01-06,조선,대화형,가상 대화,모내기법,3,모내기법,output/images/basic/2024_고2_한국사_나형_7.png,input/pdf/(2024)고2한국사(나형)검사지.pdf,2026-07-08T16:17:31+09:00
2024,고2,한국사,나형,8,10한사1-02-01,개항기,수업형,자료 검색,"척화비, 흥선 대원군",5,통상 수교 거부,output/images/basic/2024_고2_한국사_나형_8.png,input/pdf/(2024)고2한국사(나형)검사지.pdf,2026-07-08T16:17:31+09:00
2024,고2,한국사,나형,9,10한사1-02-02,개항기,대화형,학생 2인 대화,강화도 조약,3,불평등 조약,output/images/basic/2024_고2_한국사_나형_9.png,input/pdf/(2024)고2한국사(나형)검사지.pdf,2026-07-08T16:17:31+09:00
2024,고2,한국사,나형,10,10한사1-02-03,개항기,카드형,인물 카드,"전봉준, 동학 농민 운동",4,동학 농민 운동,output/images/basic/2024_고2_한국사_나형_10.png,input/pdf/(2024)고2한국사(나형)검사지.pdf,2026-07-08T16:17:31+09:00
2024,고2,한국사,나형,11,10한사1-02-04,일제강점기,수업형,교사 설명,을사늑약,1,외교권 박탈,output/images/basic/2024_고2_한국사_나형_11.png,input/pdf/(2024)고2한국사(나형)검사지.pdf,2026-07-08T16:17:31+09:00
2024,고2,한국사,나형,12,10한사1-02-04,개항기,자료 제시형,포스터,"독도, 울도군",2,안용복 영토 수호,output/images/basic/2024_고2_한국사_나형_12.png,input/pdf/(2024)고2한국사(나형)검사지.pdf,2026-07-08T16:17:31+09:00
2024,고2,한국사,나형,13,10한사1-02-05,일제강점기,영상자료형,뉴스 방송,국채 보상 운동,4,금연 성금 모금,output/images/basic/2024_고2_한국사_나형_13.png,input/pdf/(2024)고2한국사(나형)검사지.pdf,2026-07-08T16:17:31+09:00
2024,고2,한국사,나형,14,10한사1-02-06,개항기,역사 신문형,단일 기사,경인선 철도,1,왕의 전화,output/images/basic/2024_고2_한국사_나형_14.png,input/pdf/(2024)고2한국사(나형)검사지.pdf,2026-07-08T16:17:31+09:00
2024,고2,한국사,나형,15,10한사2-01-01,일제강점기,수업형,학습 카드,무단 통치,2,무단 통치,output/images/basic/2024_고2_한국사_나형_15.png,input/pdf/(2024)고2한국사(나형)검사지.pdf,2026-07-08T16:17:31+09:00
2024,고2,한국사,나형,16,10한사2-01-01,일제강점기,대화형,학생 2인 대화,문화 통치,5,문화 통치 허구성,output/images/basic/2024_고2_한국사_나형_16.png,input/pdf/(2024)고2한국사(나형)검사지.pdf,2026-07-08T16:17:31+09:00
2024,고2,한국사,나형,17,10한사2-01-02,일제강점기,퀴즈형,힌트 퀴즈,유관순,3,유관순,output/images/basic/2024_고2_한국사_나형_17.png,input/pdf/(2024)고2한국사(나형)검사지.pdf,2026-07-08T16:17:31+09:00
2024,고2,한국사,나형,18,10한사2-01-03,일제강점기,역사 신문형,단일 기사,청산리 대첩,4,청산리 대첩,output/images/basic/2024_고2_한국사_나형_18.png,input/pdf/(2024)고2한국사(나형)검사지.pdf,2026-07-08T16:17:31+09:00
2024,고2,한국사,나형,19,10한사2-01-04,일제강점기,수업형,발표 수업,문맹 퇴치,4,문자 보급,output/images/basic/2024_고2_한국사_나형_19.png,input/pdf/(2024)고2한국사(나형)검사지.pdf,2026-07-08T16:17:31+09:00
2024,고2,한국사,나형,20,10한사2-01-05,일제강점기,수업형,다큐 기획,창씨개명,5,일본식 성명 강요,output/images/basic/2024_고2_한국사_나형_20.png,input/pdf/(2024)고2한국사(나형)검사지.pdf,2026-07-08T16:17:31+09:00
2024,고2,한국사,나형,21,10한사2-01-06,일제강점기,수업형,교사 설명,의열 투쟁,2,의열 투쟁,output/images/basic/2024_고2_한국사_나형_21.png,input/pdf/(2024)고2한국사(나형)검사지.pdf,2026-07-08T16:17:31+09:00
2024,고2,한국사,나형,22,10한사2-02-01,현대,인터뷰형,역사 인물 인터뷰,김구,5,통일 정부 수립,output/images/basic/2024_고2_한국사_나형_22.png,input/pdf/(2024)고2한국사(나형)검사지.pdf,2026-07-08T16:17:31+09:00
2024,고2,한국사,나형,23,10한사2-02-02,현대,마인드맵형,인과 관계도,대한민국 정부 수립,5,대한민국 정부 수립,output/images/basic/2024_고2_한국사_나형_23.png,input/pdf/(2024)고2한국사(나형)검사지.pdf,2026-07-08T16:17:31+09:00
2024,고2,한국사,나형,24,10한사2-02-02,현대,대화형,만화 대화,반민특위,4,친일파 청산,output/images/basic/2024_고2_한국사_나형_24.png,input/pdf/(2024)고2한국사(나형)검사지.pdf,2026-07-08T16:17:31+09:00
2024,고2,한국사,나형,25,10한사2-02-03,현대,답사형,표지석 답사,인천 상륙,4,6·25 전쟁,output/images/basic/2024_고2_한국사_나형_25.png,input/pdf/(2024)고2한국사(나형)검사지.pdf,2026-07-08T16:17:31+09:00
2024,고2,한국사,나형,26,10한사2-02-04,현대,수업형,교사 설명,4·19 혁명,4,이승만 하야,output/images/basic/2024_고2_한국사_나형_26.png,input/pdf/(2024)고2한국사(나형)검사지.pdf,2026-07-08T16:17:31+09:00
2024,고2,한국사,나형,27,10한사2-02-05,현대,영상자료형,TV 뉴스,수출 100억 달러,1,경제 성장,output/images/basic/2024_고2_한국사_나형_27.png,input/pdf/(2024)고2한국사(나형)검사지.pdf,2026-07-08T16:17:31+09:00
2024,고2,한국사,나형,28,10한사2-02-04,현대,수업형,사진 전시,5·18 광주,3,신군부 쿠데타,output/images/basic/2024_고2_한국사_나형_28.png,input/pdf/(2024)고2한국사(나형)검사지.pdf,2026-07-08T16:17:31+09:00
2024,고2,한국사,나형,29,10한사2-02-06,현대,수업형,필기 노트,6월 민주 항쟁,2,민주주의 발전,output/images/basic/2024_고2_한국사_나형_29.png,input/pdf/(2024)고2한국사(나형)검사지.pdf,2026-07-08T16:17:31+09:00
2024,고2,한국사,나형,30,10한사2-02-08,현대,수업형,차례 자료,6·15 선언,5,평화 통일,output/images/basic/2024_고2_한국사_나형_30.png,input/pdf/(2024)고2한국사(나형)검사지.pdf,2026-07-08T16:17:31+09:00
2025,고1,역사,가형,1,9역07-01,삼국시대 이전,실내전시형,박물관 유물 해설(도슨트),"신석기 시대, 식량 저장·조리 도구",1,빗살무늬 토기,output/images/basic/2025_고1_역사_가형_1.png,input/pdf/고1한국사/(2025)고1역사2(가형)검사지.pdf,2026-07-08T16:17:31+09:00
2025,고1,역사,가형,2,9역07-01,삼국시대 이전,메신저형,모바일 메신저 대화(학생 3인),"고조선 건국, 단군왕검",5,8조법 시행,output/images/basic/2025_고1_역사_가형_2.png,input/pdf/고1한국사/(2025)고1역사2(가형)검사지.pdf,2026-07-08T16:17:31+09:00
2025,고1,역사,가형,3,9역07-02,삼국시대 이전,자료 제시형,삽화 자료(인물 설명),옥저의 혼인 풍습,4,민며느리제,output/images/basic/2025_고1_역사_가형_3.png,input/pdf/고1한국사/(2025)고1역사2(가형)검사지.pdf,2026-07-08T16:17:31+09:00
2025,고1,역사,가형,4,9역07-03,삼국시대,마인드맵형,인물 업적 뇌구조 그리기,"진흥왕, 화랑도 개편, 관산성 전투, 순수비 건립",2,한강 유역 차지,output/images/basic/2025_고1_역사_가형_4.png,input/pdf/고1한국사/(2025)고1역사2(가형)검사지.pdf,2026-07-08T16:17:31+09:00
2025,고1,역사,가형,5,9역07-04,삼국시대,실내전시형,박물관 전시 안내(보기 사진 선택),"삼국 시대 불교 예술, 금동 미륵보살 반가 사유상",3,금동 연가 7년명 여래 입상(고구려 불상),output/images/basic/2025_고1_역사_가형_5.png,input/pdf/고1한국사/(2025)고1역사2(가형)검사지.pdf,2026-07-08T16:17:31+09:00
2025,고1,역사,가형,6,9역08-01,삼국시대,자료 제시형,삽화 자료(전투 장면),"을지문덕, 살수",3,고구려와 수의 전쟁(살수 대첩),output/images/basic/2025_고1_역사_가형_6.png,input/pdf/고1한국사/(2025)고1역사2(가형)검사지.pdf,2026-07-08T16:17:31+09:00
2025,고1,역사,가형,7,9역08-01,삼국시대,대화형,대립 인물 발언(VS 구도),"황산벌 전투, 계백, 김유신",2,신라의 삼국 통일,output/images/basic/2025_고1_역사_가형_7.png,input/pdf/고1한국사/(2025)고1역사2(가형)검사지.pdf,2026-07-08T16:17:31+09:00
2025,고1,역사,가형,8,9역08-02,남북국시대,수업형,교사와 학생 대화,"신문왕, 김흠돌의 난 진압, 왕권 강화",3,관료전 지급(녹읍 폐지),output/images/basic/2025_고1_역사_가형_8.png,input/pdf/고1한국사/(2025)고1역사2(가형)검사지.pdf,2026-07-08T16:17:31+09:00
2025,고1,역사,가형,9,9역08-03,남북국시대,자료 제시형,기념우표 제작 활동(수행평가),"김대성, 인공 석굴 사원, 통일 신라 불교 건축 기술",1,석굴암,output/images/basic/2025_고1_역사_가형_9.png,input/pdf/고1한국사/(2025)고1역사2(가형)검사지.pdf,2026-07-08T16:17:31+09:00
2025,고1,역사,가형,10,9역08-02,남북국시대,퀴즈형,골든벨 퀴즈,"대조영의 건국, 해동성국",5,발해,output/images/basic/2025_고1_역사_가형_10.png,input/pdf/고1한국사/(2025)고1역사2(가형)검사지.pdf,2026-07-08T16:17:31+09:00
2025,고1,역사,가형,11,9역08-03,남북국시대,자료 제시형,역사 탐구 보고서(유물 비교),고구려·발해의 온돌과 막새 비교,4,발해 문화에 나타난 고구려 문화의 영향,output/images/basic/2025_고1_역사_가형_11.png,input/pdf/고1한국사/(2025)고1역사2(가형)검사지.pdf,2026-07-08T16:17:31+09:00
2025,고1,역사,가형,12,9역09-01,고려,수업형,역사 역할극 대화(2인),"견훤의 고려 귀순, 왕건",4,고려의 후삼국 통일,output/images/basic/2025_고1_역사_가형_12.png,input/pdf/고1한국사/(2025)고1역사2(가형)검사지.pdf,2026-07-08T16:17:31+09:00
2025,고1,역사,가형,13,9역09-01,고려,대화형,신하와 왕 대화,"최승로의 시무 28조 건의, 성종",1,12목에 지방관 파견,output/images/basic/2025_고1_역사_가형_13.png,input/pdf/고1한국사/(2025)고1역사2(가형)검사지.pdf,2026-07-08T16:17:31+09:00
2025,고1,역사,가형,14,9역09-01,고려,퀴즈형,인물 검색 앱 퀴즈,"서경 천도 운동, 국호 대위, 반란과 진압",4,묘청,output/images/basic/2025_고1_역사_가형_14.png,input/pdf/고1한국사/(2025)고1역사2(가형)검사지.pdf,2026-07-08T16:17:31+09:00
2025,고1,역사,가형,15,9역09-02,고려,영상자료형,영상 자료(다큐멘터리 예고),"강감찬, 거란의 침입",5,귀주 대첩,output/images/basic/2025_고1_역사_가형_15.png,input/pdf/고1한국사/(2025)고1역사2(가형)검사지.pdf,2026-07-08T16:17:31+09:00
2025,고1,역사,가형,16,9역09-03,고려,대화형,왕과 신하 대화,"공민왕, 쌍성총관부 공격, 반원 자주 정책",2,몽골식 풍속 금지,output/images/basic/2025_고1_역사_가형_16.png,input/pdf/고1한국사/(2025)고1역사2(가형)검사지.pdf,2026-07-08T16:17:31+09:00
2025,고1,역사,가형,17,9역09-04,고려,자료 제시형,이달의 문화유산 소개,"몽골 침입 극복 염원, 대장경 판각, 세계 기록 유산",3,팔만대장경,output/images/basic/2025_고1_역사_가형_17.png,input/pdf/고1한국사/(2025)고1역사2(가형)검사지.pdf,2026-07-08T16:17:31+09:00
2025,고1,역사,가형,18,9역10-01,조선,대화형,학생 3인 대화,"위화도 회군, 정도전, 조선 건국 과정",5,이성계,output/images/basic/2025_고1_역사_가형_18.png,input/pdf/고1한국사/(2025)고1역사2(가형)검사지.pdf,2026-07-08T16:17:31+09:00
2025,고1,역사,가형,19,9역10-03,조선,수업형,교사 퀴즈 설명(스크린),"사초 정리, 사고 보관, 세계 기록 유산",1,조선왕조실록,output/images/basic/2025_고1_역사_가형_19.png,input/pdf/고1한국사/(2025)고1역사2(가형)검사지.pdf,2026-07-08T16:17:31+09:00
2025,고1,역사,가형,20,9역10-04,조선,카드형,복합 삽화 카드(전투 장면 2건),"이순신의 학익진, 권율의 행주산성 전투",3,임진왜란의 주요 전투,output/images/basic/2025_고1_역사_가형_20.png,input/pdf/고1한국사/(2025)고1역사2(가형)검사지.pdf,2026-07-08T16:17:31+09:00
2025,고1,역사,가형,21,9역10-04,조선,자료 제시형,삽화 자료(전투 장면),"남한산성 포위, 청군의 침입",2,북벌 운동,output/images/basic/2025_고1_역사_가형_21.png,input/pdf/고1한국사/(2025)고1역사2(가형)검사지.pdf,2026-07-08T16:17:31+09:00
2025,고1,역사,가형,22,9역11-01,조선,마인드맵형,붕당 정치 전개 흐름도,"자의대비 상복 논쟁, 노론과 소론 분화, 성균관 붕당 경계비",1,예송과 탕평비,output/images/basic/2025_고1_역사_가형_22.png,input/pdf/고1한국사/(2025)고1역사2(가형)검사지.pdf,2026-07-08T16:17:31+09:00
2025,고1,역사,가형,23,9역11-01,조선,수업형,인물 탐구 계획서(수행평가),"정조, 규장각 설치, 서얼 등용",3,수원 화성 건설,output/images/basic/2025_고1_역사_가형_23.png,input/pdf/고1한국사/(2025)고1역사2(가형)검사지.pdf,2026-07-08T16:17:31+09:00
2025,고1,역사,가형,24,9역11-03,조선,카드형,문화유산 카드(보기 사진 선택),"김정호, 22첩 목판본 지도 제작",5,대동여지도,output/images/basic/2025_고1_역사_가형_24.png,input/pdf/고1한국사/(2025)고1역사2(가형)검사지.pdf,2026-07-08T16:17:31+09:00
2025,고1,역사,가형,25,9역11-04,조선,자료 제시형,서민 문화 축제 초대장,"조선 후기 서민 문화, 양반 풍자",1,"칠지도(삼국 시대 유물, 조선 후기 서민 문화와 무관)",output/images/basic/2025_고1_역사_가형_25.png,input/pdf/고1한국사/(2025)고1역사2(가형)검사지.pdf,2026-07-08T16:17:31+09:00
2025,고1,역사,가형,26,9역12-01,개항기,역사 신문형,특별 강연 안내문,"안용복의 활동, 대한 제국 칙령 제41호, 러일 전쟁 중 일본의 영토 편입",4,독도,output/images/basic/2025_고1_역사_가형_26.png,input/pdf/고1한국사/(2025)고1역사2(가형)검사지.pdf,2026-07-08T16:17:31+09:00
2025,고1,역사,가형,27,9역12-01,개항기,카드형,복합 삽화 카드(전시 패널 3건),"을미사변, 단발령, 을사늑약, 고종 강제 퇴위",5,항일 의병 운동의 전개,output/images/basic/2025_고1_역사_가형_27.png,input/pdf/고1한국사/(2025)고1역사2(가형)검사지.pdf,2026-07-08T16:17:31+09:00
2025,고1,역사,가형,28,9역12-01,일제강점기,답사형,유적(묘소) 해설(가이드 1명),"봉오동 전투, 대한 독립군, 소련 강제 이주",2,홍범도,output/images/basic/2025_고1_역사_가형_28.png,input/pdf/고1한국사/(2025)고1역사2(가형)검사지.pdf,2026-07-08T16:17:31+09:00
2025,고1,역사,가형,29,9역12-03,현대,카드형,카드뉴스 자료(3장 슬라이드),"박종철 고문치사 사건, 6·29 민주화 선언",4,6월 민주 항쟁,output/images/basic/2025_고1_역사_가형_29.png,input/pdf/고1한국사/(2025)고1역사2(가형)검사지.pdf,2026-07-08T16:17:31+09:00
2025,고1,역사,가형,30,9역12-04,현대,수업형,교사 자료 설명(스크린 사진),"정전 협정 체결, 판문점, 남북 분단",5,인천 상륙 작전(6·25 전쟁 중 사실),output/images/basic/2025_고1_역사_가형_30.png,input/pdf/고1한국사/(2025)고1역사2(가형)검사지.pdf,2026-07-08T16:17:31+09:00
2025,고1,역사,나형,1,9역07-01,삼국시대 이전,메신저형,온라인 대화창(학생 2인),"구석기 시대 생활 모습(동굴·막집 거주, 뗀석기 사용)",3,구석기 시대의 뗀석기인 주먹도끼,output/images/basic/2025_고1_역사_나형_1.png,input/pdf/고1한국사/(2025)고1역사2(나형)검사지.pdf,2026-07-08T16:17:31+09:00
2025,고1,역사,나형,2,9역07-01,삼국시대 이전,퀴즈형,골든벨 퀴즈(힌트 카드),단군왕검의 건국 이야기와 8조법을 통한 사회 질서 유지,5,고조선,output/images/basic/2025_고1_역사_나형_2.png,input/pdf/고1한국사/(2025)고1역사2(나형)검사지.pdf,2026-07-08T16:17:31+09:00
2025,고1,역사,나형,3,9역07-02,삼국시대,자료 제시형,삽화 자료(인물 설명),서옥제 혼인 풍습,1,주몽의 고구려 건국,output/images/basic/2025_고1_역사_나형_3.png,input/pdf/고1한국사/(2025)고1역사2(나형)검사지.pdf,2026-07-08T16:17:31+09:00
2025,고1,역사,나형,4,9역07-03,삼국시대,마인드맵형,업적 정리 퍼즐도,"장수왕의 남진 정책과 대외 교류(충주 고구려비, 평양 천도, 중국 남북조 교류)",2,한강 유역 차지,output/images/basic/2025_고1_역사_나형_4.png,input/pdf/고1한국사/(2025)고1역사2(나형)검사지.pdf,2026-07-08T16:17:31+09:00
2025,고1,역사,나형,5,9역08-03,남북국시대,카드형,인물 카드 자료,통일 신라 승려의 깨달음 일화와 불교 대중화,2,원효의 불교 대중화,output/images/basic/2025_고1_역사_나형_5.png,input/pdf/고1한국사/(2025)고1역사2(나형)검사지.pdf,2026-07-08T16:17:31+09:00
2025,고1,역사,나형,6,9역07-04,삼국시대,실내전시형,박물관 키오스크 안내,신라 선덕여왕 시기 천문 관측 기구,3,경주 첨성대,output/images/basic/2025_고1_역사_나형_6.png,input/pdf/고1한국사/(2025)고1역사2(나형)검사지.pdf,2026-07-08T16:17:31+09:00
2025,고1,역사,나형,7,9역08-01,삼국시대,계획서형,다큐멘터리 기획안,고구려의 수·당 침입 격퇴 과정,5,을지문덕의 살수 대첩 승리,output/images/basic/2025_고1_역사_나형_7.png,input/pdf/고1한국사/(2025)고1역사2(나형)검사지.pdf,2026-07-08T16:17:31+09:00
2025,고1,역사,나형,8,9역08-01,삼국시대,마인드맵형,전개 과정 게시판,나당 동맹 결성부터 신라의 삼국 통일 완성까지의 과정,1,백제의 멸망,output/images/basic/2025_고1_역사_나형_8.png,input/pdf/고1한국사/(2025)고1역사2(나형)검사지.pdf,2026-07-08T16:17:31+09:00
2025,고1,역사,나형,9,9역08-02,남북국시대,인터뷰형,기자와 인물 인터뷰(신문왕),신문왕의 통치 체제 정비,4,9주 5소경의 지방 행정 제도 정비,output/images/basic/2025_고1_역사_나형_9.png,input/pdf/고1한국사/(2025)고1역사2(나형)검사지.pdf,2026-07-08T16:17:31+09:00
2025,고1,역사,나형,10,9역08-02,남북국시대,자료 제시형,전자칠판 문화유산 설명,발해의 고구려 계승과 해동성국의 번성,1,대조영의 발해 건국,output/images/basic/2025_고1_역사_나형_10.png,input/pdf/고1한국사/(2025)고1역사2(나형)검사지.pdf,2026-07-08T16:17:31+09:00
2025,고1,역사,나형,11,9역08-03,남북국시대,대화형,학생 3인 대화(탐구 주제 판서),발해 기와의 고구려 문화 계승과 일본에 보낸 국서의 고려국왕 명칭,4,발해의 고구려 계승 의식,output/images/basic/2025_고1_역사_나형_11.png,input/pdf/고1한국사/(2025)고1역사2(나형)검사지.pdf,2026-07-08T16:17:31+09:00
2025,고1,역사,나형,12,9역09-01,고려,자료 제시형,공연 포스터 자료,왕건의 후삼국 통일 과정,5,경순왕의 고려 귀부(신라의 고려 병합),output/images/basic/2025_고1_역사_나형_12.png,input/pdf/고1한국사/(2025)고1역사2(나형)검사지.pdf,2026-07-08T16:17:31+09:00
2025,고1,역사,나형,13,9역09-01,고려,수업형,학생 발표(스마트보드 그림 설명),광종의 왕권 강화 정책,1,과거제 시행,output/images/basic/2025_고1_역사_나형_13.png,input/pdf/고1한국사/(2025)고1역사2(나형)검사지.pdf,2026-07-08T16:17:31+09:00
2025,고1,역사,나형,14,9역09-01,고려,수업형,역할극(3인 대화),묘청의 서경 천도 운동과 김부식의 반대,2,묘청,output/images/basic/2025_고1_역사_나형_14.png,input/pdf/고1한국사/(2025)고1역사2(나형)검사지.pdf,2026-07-08T16:17:31+09:00
2025,고1,역사,나형,15,9역09-02,고려,카드형,QR코드 인물 설명 자료,윤관의 여진 정벌 대비책,1,별무반 조직,output/images/basic/2025_고1_역사_나형_15.png,input/pdf/고1한국사/(2025)고1역사2(나형)검사지.pdf,2026-07-08T16:17:31+09:00
2025,고1,역사,나형,16,9역09-03,고려,대화형,왕과 신하 대화(2인),공민왕의 반원 자주 개혁 정책,4,몽골 풍습(변발·호복) 금지,output/images/basic/2025_고1_역사_나형_16.png,input/pdf/고1한국사/(2025)고1역사2(나형)검사지.pdf,2026-07-08T16:17:31+09:00
2025,고1,역사,나형,17,9역09-04,고려,답사형,문화유산 현장 가이드 설명,합천 해인사에 보관된 몽골 격퇴 기원 대장경,5,팔만대장경,output/images/basic/2025_고1_역사_나형_17.png,input/pdf/고1한국사/(2025)고1역사2(나형)검사지.pdf,2026-07-08T16:17:31+09:00
2025,고1,역사,나형,18,9역10-01,조선,수업형,학생 3인 대화(원탁 토론),"이성계의 위화도 회군과 한양 천도, 유교 통치 체제 정비",5,조선의 건국,output/images/basic/2025_고1_역사_나형_18.png,input/pdf/고1한국사/(2025)고1역사2(나형)검사지.pdf,2026-07-08T16:17:31+09:00
2025,고1,역사,나형,19,9역10-03,조선,자료 제시형,삽화 자료(왕의 하교),세종의 훈민정음 창제와 보급 명령,3,집현전 설치,output/images/basic/2025_고1_역사_나형_19.png,input/pdf/고1한국사/(2025)고1역사2(나형)검사지.pdf,2026-07-08T16:17:31+09:00
2025,고1,역사,나형,20,9역10-04,조선,대화형,신하 2인 대화(주전·주화 논쟁),병자호란 당시 남한산성에서의 주전론과 주화론 대립,2,병자호란의 전개,output/images/basic/2025_고1_역사_나형_20.png,input/pdf/고1한국사/(2025)고1역사2(나형)검사지.pdf,2026-07-08T16:17:31+09:00
2025,고1,역사,나형,21,9역10-04,조선,자료 제시형,웹페이지 Q&A 자료,"왜란 이후 전후 복구, 동의보감 편찬, 중립 외교",1,광해군의 정책,output/images/basic/2025_고1_역사_나형_21.png,input/pdf/고1한국사/(2025)고1역사2(나형)검사지.pdf,2026-07-08T16:17:31+09:00
2025,고1,역사,나형,22,9역11-01,조선,역사 신문형,단일 기사,대동법 시행에 따른 공납 방식 변화,5,토지가 없는 농민의 세 부담 감소,output/images/basic/2025_고1_역사_나형_22.png,input/pdf/고1한국사/(2025)고1역사2(나형)검사지.pdf,2026-07-08T16:17:31+09:00
2025,고1,역사,나형,23,9역11-01,조선,대화형,학생 2인 대화,정조가 창덕궁 후원에 설치한 학문·정책 연구 기구,2,규장각,output/images/basic/2025_고1_역사_나형_23.png,input/pdf/고1한국사/(2025)고1역사2(나형)검사지.pdf,2026-07-08T16:17:31+09:00
2025,고1,역사,나형,24,9역11-03,조선,자료 제시형,수행평가 보고서 자료,조선 후기 농업·상공업 중심의 실학자들과 개혁론,2,실학의 발달,output/images/basic/2025_고1_역사_나형_24.png,input/pdf/고1한국사/(2025)고1역사2(나형)검사지.pdf,2026-07-08T16:17:31+09:00
2025,고1,역사,나형,25,9역11-04,조선,실내전시형,회화 작품 전시 해설,신윤복의 풍속화와 서민 문화의 유행,5,장시에서 판소리를 즐기는 서민,output/images/basic/2025_고1_역사_나형_25.png,input/pdf/고1한국사/(2025)고1역사2(나형)검사지.pdf,2026-07-08T16:17:31+09:00
2025,고1,역사,나형,26,9역12-01,개항기,답사형,가이드 2인 대화(현장 답사),독도 표지석과 안용복의 활동,4,일본의 독도 불법 편입(국권 침탈 과정),output/images/basic/2025_고1_역사_나형_26.png,input/pdf/고1한국사/(2025)고1역사2(나형)검사지.pdf,2026-07-08T16:17:31+09:00
2025,고1,역사,나형,27,9역12-01,개항기,자료 제시형,삽화 자료(의병 봉기 장면),을미사변과 단발령에 반발한 의병 봉기,4,항일 의병 운동의 전개,output/images/basic/2025_고1_역사_나형_27.png,input/pdf/고1한국사/(2025)고1역사2(나형)검사지.pdf,2026-07-08T16:17:31+09:00
2025,고1,역사,나형,28,9역12-01,일제강점기,답사형,해외 유적 답사 가이드 설명,상하이 소재 임시정부 청사와 대한민국 임시 헌장,5,대한민국 임시 정부,output/images/basic/2025_고1_역사_나형_28.png,input/pdf/고1한국사/(2025)고1역사2(나형)검사지.pdf,2026-07-08T16:17:31+09:00
2025,고1,역사,나형,29,9역12-03,현대,마인드맵형,사건 전개 과정도,3·15 부정 선거에 대한 학생 시위와 이승만 하야,3,4·19 혁명,output/images/basic/2025_고1_역사_나형_29.png,input/pdf/고1한국사/(2025)고1역사2(나형)검사지.pdf,2026-07-08T16:17:31+09:00
2025,고1,역사,나형,30,9역12-04,현대,인터뷰형,참전 용사 인터뷰,인천 상륙 작전과 서울 수복,5,6·25 전쟁 중 판문점 정전 협상,output/images/basic/2025_고1_역사_나형_30.png,input/pdf/고1한국사/(2025)고1역사2(나형)검사지.pdf,2026-07-08T16:17:31+09:00
2025,고2,한국사,가형,1,10한사1-01-01,삼국시대 이전,실내전시형,유물 제시,"빗살무늬 토기, 신석기 시대 농경·목축",1,간석기,output/images/basic/2025_고2_한국사_가형_1.png,input/pdf/(2025)고2한국사(가형)검사지.pdf,2026-07-08T16:17:31+09:00
2025,고2,한국사,가형,2,10한사1-01-01,삼국시대,수업형,교사와 학생 대화,"광개토대왕명 호우, 5세기 고구려·신라 관계",3,주몽 고구려,output/images/basic/2025_고2_한국사_가형_2.png,input/pdf/(2025)고2한국사(가형)검사지.pdf,2026-07-08T16:17:31+09:00
2025,고2,한국사,가형,3,10한사1-01-03,고려,퀴즈형,골든벨,"고려 광종, 왕권 강화 인재 등용 제도",1,과거제,output/images/basic/2025_고2_한국사_가형_3.png,input/pdf/(2025)고2한국사(가형)검사지.pdf,2026-07-08T16:17:31+09:00
2025,고2,한국사,가형,4,10한사1-01-03,고려,인터뷰형,역사 인물 인터뷰,"윤관, 여진 정벌, 동북 9성",2,별무반,output/images/basic/2025_고2_한국사_가형_4.png,input/pdf/(2025)고2한국사(가형)검사지.pdf,2026-07-08T16:17:31+09:00
2025,고2,한국사,가형,5,10한사1-01-04,고려,자료 제시형,단일 자료,"안향, 성리학 수용, 신진 사대부 사상",4,성리학,output/images/basic/2025_고2_한국사_가형_5.png,input/pdf/(2025)고2한국사(가형)검사지.pdf,2026-07-08T16:17:31+09:00
2025,고2,한국사,가형,6,10한사1-01-05,조선,수업형,교사와 학생 대화,"조선 3사, 사헌부·사간원·홍문관",1,사헌부,output/images/basic/2025_고2_한국사_가형_6.png,input/pdf/(2025)고2한국사(가형)검사지.pdf,2026-07-08T16:17:31+09:00
2025,고2,한국사,가형,7,10한사1-01-05,조선,수업형,발표 수업,"판옥선, 거북선, 임진왜란 해전",4,명량/거북선,output/images/basic/2025_고2_한국사_가형_7.png,input/pdf/(2025)고2한국사(가형)검사지.pdf,2026-07-08T16:17:31+09:00
2025,고2,한국사,가형,8,10한사1-01-06,조선,수업형,학생 2인 대화,"김홍도 담배 썰기, 조선 후기 상품 작물",1,담배,output/images/basic/2025_고2_한국사_가형_8.png,input/pdf/(2025)고2한국사(가형)검사지.pdf,2026-07-08T16:17:31+09:00
2025,고2,한국사,가형,9,10한사1-02-01,개항기,자료 제시형,단일 자료,"흥선 대원군 개혁, 서원 철폐·호포제·경복궁 중건",5,호포제,output/images/basic/2025_고2_한국사_가형_9.png,input/pdf/(2025)고2한국사(가형)검사지.pdf,2026-07-08T16:17:31+09:00
2025,고2,한국사,가형,10,10한사1-02-02,개항기,수업형,교사와 학생 대화,"강화도 조약, 부산·인천·원산 개항",5,원산,output/images/basic/2025_고2_한국사_가형_10.png,input/pdf/(2025)고2한국사(가형)검사지.pdf,2026-07-08T16:17:31+09:00
2025,고2,한국사,가형,11,10한사1-02-02,개항기,자료 제시형,복합 자료,"임오군란, 별기군 차별·밀린 급료",2,별기군,output/images/basic/2025_고2_한국사_가형_11.png,input/pdf/(2025)고2한국사(가형)검사지.pdf,2026-07-08T16:17:31+09:00
2025,고2,한국사,가형,12,10한사1-02-03,개항기,역사 신문형,단일 기사,"동학 농민군 재봉기, 한성 진격",5,한성진격,output/images/basic/2025_고2_한국사_가형_12.png,input/pdf/(2025)고2한국사(가형)검사지.pdf,2026-07-08T16:17:31+09:00
2025,고2,한국사,가형,13,10한사1-02-04,개항기,자료 제시형,복합 자료,"헤이그 특사, 이준·이위종·이상설, 을사늑약",1,헤이그특사,output/images/basic/2025_고2_한국사_가형_13.png,input/pdf/(2025)고2한국사(가형)검사지.pdf,2026-07-08T16:17:31+09:00
2025,고2,한국사,가형,14,10한사1-02-04,개항기,대화형,학생 2인 대화,"1907년 항일 의병, 해산 군인 참여",5,의병,output/images/basic/2025_고2_한국사_가형_14.png,input/pdf/(2025)고2한국사(가형)검사지.pdf,2026-07-08T16:17:31+09:00
2025,고2,한국사,가형,15,10한사1-02-05,개항기,대화형,학생 2인 대화,"국채 보상 운동, 담배 끊기·가락지 팔기",4,국채보상,output/images/basic/2025_고2_한국사_가형_15.png,input/pdf/(2025)고2한국사(가형)검사지.pdf,2026-07-08T16:17:31+09:00
2025,고2,한국사,가형,16,10한사1-02-06,개항기,수업형,발표 수업,"원산 학사, 육영 공원, 배재 학당",2,배재학당,output/images/basic/2025_고2_한국사_가형_16.png,input/pdf/(2025)고2한국사(가형)검사지.pdf,2026-07-08T16:17:31+09:00
2025,고2,한국사,가형,17,10한사2-01-01,일제강점기,역사 신문형,단일 기사,"동양 척식 주식회사, 토지 조사 사업",4,토지조사,output/images/basic/2025_고2_한국사_가형_17.png,input/pdf/(2025)고2한국사(가형)검사지.pdf,2026-07-08T16:17:31+09:00
2025,고2,한국사,가형,18,10한사2-01-02,일제강점기,자료 제시형,단일 자료,"3·1 운동, 상하이 임시 정부 수립",4,상하이임시정부,output/images/basic/2025_고2_한국사_가형_18.png,input/pdf/(2025)고2한국사(가형)검사지.pdf,2026-07-08T16:17:31+09:00
2025,고2,한국사,가형,19,10한사2-01-03,일제강점기,자료 제시형,단일 자료,"청산리 대첩, 김좌진·홍범도 독립군",3,청산리,output/images/basic/2025_고2_한국사_가형_19.png,input/pdf/(2025)고2한국사(가형)검사지.pdf,2026-07-08T16:17:31+09:00
2025,고2,한국사,가형,20,10한사2-01-03,일제강점기,자료 제시형,단일 자료,"동아일보 농촌 계몽 운동, 야학·브나로드",4,브나로드,output/images/basic/2025_고2_한국사_가형_20.png,input/pdf/(2025)고2한국사(가형)검사지.pdf,2026-07-08T16:17:31+09:00
2025,고2,한국사,가형,21,10한사2-01-04,일제강점기,퀴즈형,골든벨,"조선어 학회, 한글 맞춤법 통일안·조선말 큰사전",5,한글맞춤법,output/images/basic/2025_고2_한국사_가형_21.png,input/pdf/(2025)고2한국사(가형)검사지.pdf,2026-07-08T16:17:31+09:00
2025,고2,한국사,가형,22,10한사2-01-05,일제강점기,대화형,학생 2인 대화,"국가 총동원법, 징용·위안부 동원",3,징용,output/images/basic/2025_고2_한국사_가형_22.png,input/pdf/(2025)고2한국사(가형)검사지.pdf,2026-07-08T16:17:31+09:00
2025,고2,한국사,가형,23,10한사2-01-06,일제강점기,자료 제시형,단일 자료,"한국 광복군, 지청천, 인도·미얀마 전선",5,한국광복군,output/images/basic/2025_고2_한국사_가형_23.png,input/pdf/(2025)고2한국사(가형)검사지.pdf,2026-07-08T16:17:31+09:00
2025,고2,한국사,가형,24,10한사2-02-01,현대,대화형,학생 2인 대화,"이승만·김구, 남한 단독 정부 수립 논쟁",3,김구,output/images/basic/2025_고2_한국사_가형_24.png,input/pdf/(2025)고2한국사(가형)검사지.pdf,2026-07-08T16:17:31+09:00
2025,고2,한국사,가형,25,10한사2-02-02,현대,대화형,학생 2인 대화,"반민족 행위 처벌법, 반민특위, 친일파 처벌",4,반민특위,output/images/basic/2025_고2_한국사_가형_25.png,input/pdf/(2025)고2한국사(가형)검사지.pdf,2026-07-08T16:17:31+09:00
2025,고2,한국사,가형,26,10한사2-02-03,현대,자료 제시형,유적 사진,"6·25 전쟁, 1·4 후퇴 피난민, 낙동강 방어선",1,피난민,output/images/basic/2025_고2_한국사_가형_26.png,input/pdf/(2025)고2한국사(가형)검사지.pdf,2026-07-08T16:17:31+09:00
2025,고2,한국사,가형,27,10한사2-02-04,현대,수업형,교사와 학생 대화,"김주열 사망, 3·15 부정 선거, 이승만 하야",2,이승만하야,output/images/basic/2025_고2_한국사_가형_27.png,input/pdf/(2025)고2한국사(가형)검사지.pdf,2026-07-08T16:17:31+09:00
2025,고2,한국사,가형,28,10한사2-02-05,현대,인터뷰형,전문가 인터뷰,"전태일, 노동 환경 개선, 근로 기준법",5,전태일,output/images/basic/2025_고2_한국사_가형_28.png,input/pdf/(2025)고2한국사(가형)검사지.pdf,2026-07-08T16:17:31+09:00
2025,고2,한국사,가형,29,10한사2-02-06,현대,마인드맵형,개념 연결,"1987년 타임라인, 박종철·4·13 호헌·이한열",2,6월민주항쟁,output/images/basic/2025_고2_한국사_가형_29.png,input/pdf/(2025)고2한국사(가형)검사지.pdf,2026-07-08T16:17:31+09:00
2025,고2,한국사,가형,30,10한사2-02-08,현대,대화형,학생 3인 대화,"김대중 정부, 햇볕 정책, 금강산 관광, 6·15 선언",3,햇볕정책,output/images/basic/2025_고2_한국사_가형_30.png,input/pdf/(2025)고2한국사(가형)검사지.pdf,2026-07-08T16:17:31+09:00
2025,고2,한국사,나형,1,10한사1-01-01,삼국시대 이전,자료 제시형,체험 프로그램,"신석기 문화 축제, 빗살무늬 토기",3,빗살무늬 토기,output/images/basic/2025_고2_한국사_나형_1.png,input/pdf/(2025)고2한국사(나형)검사지.pdf,2026-07-08T16:17:31+09:00
2025,고2,한국사,나형,2,10한사1-01-01,남북국시대,대화형,학생 대화,"대조영, 발해, 동모산 건국",4,해동성국,output/images/basic/2025_고2_한국사_나형_2.png,input/pdf/(2025)고2한국사(나형)검사지.pdf,2026-07-08T16:17:31+09:00
2025,고2,한국사,나형,3,10한사1-01-03,고려,수업형,발표 수업,"묘청, 서경 천도, 금 정벌",2,묘청,output/images/basic/2025_고2_한국사_나형_3.png,input/pdf/(2025)고2한국사(나형)검사지.pdf,2026-07-08T16:17:31+09:00
2025,고2,한국사,나형,4,10한사1-01-04,고려,대화형,학생 2인 대화,"팔만대장경, 몽골 침입, 해인사",5,팔만대장경판,output/images/basic/2025_고2_한국사_나형_4.png,input/pdf/(2025)고2한국사(나형)검사지.pdf,2026-07-08T16:17:31+09:00
2025,고2,한국사,나형,5,10한사1-01-03,고려,대화형,말풍선,"공민왕, 반원 개혁, 친원 세력 숙청",2,몽골풍 폐지,output/images/basic/2025_고2_한국사_나형_5.png,input/pdf/(2025)고2한국사(나형)검사지.pdf,2026-07-08T16:17:31+09:00
2025,고2,한국사,나형,6,10한사1-01-05,조선,퀴즈형,골든벨,"영조, 정조, 탕평책, 붕당 정치",5,탕평책,output/images/basic/2025_고2_한국사_나형_6.png,input/pdf/(2025)고2한국사(나형)검사지.pdf,2026-07-08T16:17:31+09:00
2025,고2,한국사,나형,7,10한사1-01-05,조선,대화형,왕과 신하 대화,"효종, 병자호란, 청 침입 계획",3,병자호란,output/images/basic/2025_고2_한국사_나형_7.png,input/pdf/(2025)고2한국사(나형)검사지.pdf,2026-07-08T16:17:31+09:00
2025,고2,한국사,나형,8,10한사1-01-06,조선,역사 신문형,복수 기사,"상평통보, 보부상, 만상, 상품 유통",4,상품 화폐 경제 발달,output/images/basic/2025_고2_한국사_나형_8.png,input/pdf/(2025)고2한국사(나형)검사지.pdf,2026-07-08T16:17:31+09:00
2025,고2,한국사,나형,9,10한사1-02-01,개항기,메신저형,메신저 대화,"흥선 대원군, 서원 철폐, 경복궁 중건",3,왕권 강화,output/images/basic/2025_고2_한국사_나형_9.png,input/pdf/(2025)고2한국사(나형)검사지.pdf,2026-07-08T16:17:31+09:00
2025,고2,한국사,나형,10,10한사1-02-02,개항기,자료 제시형,Q&A,"강화도 조약, 불평등 조약, 해안 측량",4,부산·인천·원산 개항,output/images/basic/2025_고2_한국사_나형_10.png,input/pdf/(2025)고2한국사(나형)검사지.pdf,2026-07-08T16:17:31+09:00
2025,고2,한국사,나형,11,10한사1-02-02,개항기,수업형,토론 수업,"김옥균, 개혁, 문벌 폐지, 사대 관계 청산",1,갑신정변,output/images/basic/2025_고2_한국사_나형_11.png,input/pdf/(2025)고2한국사(나형)검사지.pdf,2026-07-08T16:17:31+09:00
2025,고2,한국사,나형,12,10한사1-02-03,개항기,수업형,탐구 학습,"갑오개혁, 홍범 14조, 단발령, 노비제 폐지",2,갑오개혁,output/images/basic/2025_고2_한국사_나형_12.png,input/pdf/(2025)고2한국사(나형)검사지.pdf,2026-07-08T16:17:31+09:00
2025,고2,한국사,나형,13,10한사1-02-04,개항기,자료 제시형,요약 노트,"을사늑약, 외교권 박탈, 통감부 설치",1,을사늑약,output/images/basic/2025_고2_한국사_나형_13.png,input/pdf/(2025)고2한국사(나형)검사지.pdf,2026-07-08T16:17:31+09:00
2025,고2,한국사,나형,14,10한사1-02-04,개항기,마인드맵형,인물-의거 연결,"안중근, 이토 히로부미, 항일 의거",3,안중근,output/images/basic/2025_고2_한국사_나형_14.png,input/pdf/(2025)고2한국사(나형)검사지.pdf,2026-07-08T16:17:31+09:00
2025,고2,한국사,나형,15,10한사1-02-05,일제강점기,자료 제시형,검색 엔진,"방곡령, 곡물 수출 금지, 일본 상인",2,방곡령,output/images/basic/2025_고2_한국사_나형_15.png,input/pdf/(2025)고2한국사(나형)검사지.pdf,2026-07-08T16:17:31+09:00
2025,고2,한국사,나형,16,10한사1-02-06,개항기,자료 제시형,조서,"고종, 교육 조서, 근대 교육",5,근대적 교육 기관 설립,output/images/basic/2025_고2_한국사_나형_16.png,input/pdf/(2025)고2한국사(나형)검사지.pdf,2026-07-08T16:17:31+09:00
2025,고2,한국사,나형,17,10한사2-01-01,일제강점기,자료 제시형,법령,"조선 태형령, 무단 통치",4,무단 통치,output/images/basic/2025_고2_한국사_나형_17.png,input/pdf/(2025)고2한국사(나형)검사지.pdf,2026-07-08T16:17:31+09:00
2025,고2,한국사,나형,18,10한사2-01-02,일제강점기,자료 제시형,사진 자료,"3·1 운동, 제암리 학살",1,3·1 운동,output/images/basic/2025_고2_한국사_나형_18.png,input/pdf/(2025)고2한국사(나형)검사지.pdf,2026-07-08T16:17:31+09:00
2025,고2,한국사,나형,19,10한사2-01-03,일제강점기,대화형,학생 2인 대화,"봉오동 전투, 청산리 대첩, 독립군",4,항일 무장 투쟁,output/images/basic/2025_고2_한국사_나형_19.png,input/pdf/(2025)고2한국사(나형)검사지.pdf,2026-07-08T16:17:31+09:00
2025,고2,한국사,나형,20,10한사2-01-03,일제강점기,수업형,가상 토론회,"민립 대학 설립, 조선 교육령, 고등 교육",5,민립 대학 설립 운동,output/images/basic/2025_고2_한국사_나형_20.png,input/pdf/(2025)고2한국사(나형)검사지.pdf,2026-07-08T16:17:31+09:00
2025,고2,한국사,나형,21,10한사2-01-04,일제강점기,카드형,인물 카드,"방정환, 어린이날, 천도교 소년회",3,방정환,output/images/basic/2025_고2_한국사_나형_21.png,input/pdf/(2025)고2한국사(나형)검사지.pdf,2026-07-08T16:17:31+09:00
2025,고2,한국사,나형,22,10한사2-01-05,일제강점기,수업형,게시판,"민족 말살, 신사 참배, 황국 신민",2,민족 말살,output/images/basic/2025_고2_한국사_나형_22.png,input/pdf/(2025)고2한국사(나형)검사지.pdf,2026-07-08T16:17:31+09:00
2025,고2,한국사,나형,23,10한사2-01-06,일제강점기,자료 제시형,웹페이지,"한국 광복군, OSS, 충칭 창설",4,국내 진공 작전,output/images/basic/2025_고2_한국사_나형_23.png,input/pdf/(2025)고2한국사(나형)검사지.pdf,2026-07-08T16:17:31+09:00
2025,고2,한국사,나형,24,10한사2-02-01,현대,수업형,뉴스 보도,"김구, 방북, 단독 정부 수립 반대",1,남북 협상,output/images/basic/2025_고2_한국사_나형_24.png,input/pdf/(2025)고2한국사(나형)검사지.pdf,2026-07-08T16:17:31+09:00
2025,고2,한국사,나형,25,10한사2-02-02,현대,대화형,말풍선,"반민특위, 친일파 청산, 이승만",5,친일파 청산,output/images/basic/2025_고2_한국사_나형_25.png,input/pdf/(2025)고2한국사(나형)검사지.pdf,2026-07-08T16:17:31+09:00
2025,고2,한국사,나형,26,10한사2-02-03,현대,자료 제시형,사진 자료,"6·25 전쟁, 인천 상륙 작전",2,인천 상륙 작전,output/images/basic/2025_고2_한국사_나형_26.png,input/pdf/(2025)고2한국사(나형)검사지.pdf,2026-07-08T16:17:31+09:00
2025,고2,한국사,나형,27,10한사2-02-04,현대,자료 제시형,목차,"6월 민주 항쟁, 직선제 개헌, 신군부 퇴진",1,민주주의의 발전,output/images/basic/2025_고2_한국사_나형_27.png,input/pdf/(2025)고2한국사(나형)검사지.pdf,2026-07-08T16:17:31+09:00
2025,고2,한국사,나형,28,10한사2-02-05,현대,메신저형,메신저 대화,"박정희, 수출 100억 달러, 산업화",3,노동 환경 열악,output/images/basic/2025_고2_한국사_나형_28.png,input/pdf/(2025)고2한국사(나형)검사지.pdf,2026-07-08T16:17:31+09:00
2025,고2,한국사,나형,29,10한사2-02-06,현대,수업형,발표 자료,"김영삼, 조선 총독부 철거, 전두환·노태우 재판",5,역사 바로 세우기,output/images/basic/2025_고2_한국사_나형_29.png,input/pdf/(2025)고2한국사(나형)검사지.pdf,2026-07-08T16:17:31+09:00
2025,고2,한국사,나형,30,10한사2-02-08,현대,자료 제시형,백과사전,"김대중, 햇볕 정책, 대북 화해 협력",1,햇볕 정책,output/images/basic/2025_고2_한국사_나형_30.png,input/pdf/(2025)고2한국사(나형)검사지.pdf,2026-07-08T16:17:31+09:00
2026,고1,한국사,B형,1,10한사1-01-01,삼국시대 이전,대화형,학생 3인 대화,"고조선, 8조법",4,단군왕검의 고조선 건국,output/images/basic/2026_고1_한국사_B형_1.png,input/pdf/(2026)고1한국사(B형)검사지.pdf,2026-07-11T14:03:26+09:00
2026,고1,한국사,B형,2,10한사1-01-01,삼국시대,실내전시형,실내 전시 가이드 설명,"충주 고구려비, 남진 정책, 한강 유역",4,장수왕,output/images/basic/2026_고1_한국사_B형_2.png,input/pdf/(2026)고1한국사(B형)검사지.pdf,2026-07-11T14:03:26+09:00
2026,고1,한국사,B형,3,10한사1-02-01,삼국시대,자료 제시형,이달의 문화유산 소개,"무령왕릉, 벽돌무덤, 중국 남조",1,대외 교류,output/images/basic/2026_고1_한국사_B형_3.png,input/pdf/(2026)고1한국사(B형)검사지.pdf,2026-07-11T14:03:26+09:00
2026,고1,한국사,B형,4,10한사1-02-02,남북국시대,대화형,학생 2인 대화,"신라 신문왕, 관료전",1,녹읍 폐지,output/images/basic/2026_고1_한국사_B형_4.png,input/pdf/(2026)고1한국사(B형)검사지.pdf,2026-07-11T14:03:26+09:00
2026,고1,한국사,B형,5,10한사1-02-04,남북국시대,계획서형,답사 계획서,"경주 불국사, 석굴암, 분황사 모전석탑",3,불교,output/images/basic/2026_고1_한국사_B형_5.png,input/pdf/(2026)고1한국사(B형)검사지.pdf,2026-07-11T14:03:26+09:00
2026,고1,한국사,B형,6,10한사1-02-03,삼국시대,수업형,교사와 학생 대화,"신라, 진골, 두품, 가옥 규모 제한",1,골품제,output/images/basic/2026_고1_한국사_B형_6.png,input/pdf/(2026)고1한국사(B형)검사지.pdf,2026-07-11T14:03:26+09:00
2026,고1,한국사,B형,7,10한사1-01-02,고려,자료 제시형,인물 삽화(독백),"태조 왕건, 후삼국 통일, 훈요 10조",1,고려 건국,output/images/basic/2026_고1_한국사_B형_7.png,input/pdf/(2026)고1한국사(B형)검사지.pdf,2026-07-11T14:03:26+09:00
2026,고1,한국사,B형,8,10한사1-02-01,고려,대화형,왕과 신하 대화,"윤관, 고려 숙종, 여진, 기병",2,별무반 창설,output/images/basic/2026_고1_한국사_B형_8.png,input/pdf/(2026)고1한국사(B형)검사지.pdf,2026-07-11T14:03:26+09:00
2026,고1,한국사,B형,9,10한사1-01-02,고려,실내전시형,홀로그램 인물 전시,"서경 천도, 풍수지리, 고려 부흥",4,묘청,output/images/basic/2026_고1_한국사_B형_9.png,input/pdf/(2026)고1한국사(B형)검사지.pdf,2026-07-11T14:03:26+09:00
2026,고1,한국사,B형,10,10한사1-01-02,고려,수업형,교사 자료 설명(스크린),"원 간섭기, 권문세족, 이인임, 토지 탈점",5,불법 대농장 확대,output/images/basic/2026_고1_한국사_B형_10.png,input/pdf/(2026)고1한국사(B형)검사지.pdf,2026-07-11T14:03:26+09:00
2026,고1,한국사,B형,11,10한사1-01-03,조선,카드형,역사 인물 카드,"세종, 훈민정음, 4군 6진, 의정부 서사제",3,집현전 설치,output/images/basic/2026_고1_한국사_B형_11.png,input/pdf/(2026)고1한국사(B형)검사지.pdf,2026-07-11T14:03:26+09:00
2026,고1,한국사,B형,12,10한사1-01-03,조선,수업형,수행평가(장면 그리기),"이순신, 한산도, 거북선, 조선 수군",5,임진왜란,output/images/basic/2026_고1_한국사_B형_12.png,input/pdf/(2026)고1한국사(B형)검사지.pdf,2026-07-11T14:03:26+09:00
2026,고1,한국사,B형,13,10한사1-01-04,조선,대화형,왕과 신하 장면,"영조, 붕당",2,탕평 정치의 배경,output/images/basic/2026_고1_한국사_B형_13.png,input/pdf/(2026)고1한국사(B형)검사지.pdf,2026-07-11T14:03:26+09:00
2026,고1,한국사,B형,14,10한사1-02-02,조선,수업형,교사 설명(수업 주제 제시),"조선 후기 농업 경제, 상품 작물 재배",5,모내기법 확산,output/images/basic/2026_고1_한국사_B형_14.png,input/pdf/(2026)고1한국사(B형)검사지.pdf,2026-07-11T14:03:26+09:00
2026,고1,한국사,B형,15,10한사1-02-04,조선,메신저형,모바일 메신저 대화(학생 3인),"조선 후기 서민 문화, 판소리, 탈춤",2,한글 소설 유행,output/images/basic/2026_고1_한국사_B형_15.png,input/pdf/(2026)고1한국사(B형)검사지.pdf,2026-07-11T14:03:26+09:00
2026,고1,한국사,B형,16,10한사1-01-04,개항기,실내전시형,박물관 유물 해설,"당백전, 흥선대원군",1,경복궁 중건,output/images/basic/2026_고1_한국사_B형_16.png,input/pdf/(2026)고1한국사(B형)검사지.pdf,2026-07-11T14:03:26+09:00
2026,고1,한국사,B형,17,10한사1-03-01,개항기,답사형,유적 답사(교사와 학생),"척화비, 흥선대원군, 병인양요·신미양요",5,통상 수교 거부 정책,output/images/basic/2026_고1_한국사_B형_17.png,input/pdf/(2026)고1한국사(B형)검사지.pdf,2026-07-11T14:03:26+09:00
2026,고1,한국사,B형,18,10한사1-03-01,개항기,자료 제시형,수행 평가 보고서,"운요호 사건, 강화도 조약, 부산·인천 개항",3,조선의 개항,output/images/basic/2026_고1_한국사_B형_18.png,input/pdf/(2026)고1한국사(B형)검사지.pdf,2026-07-11T14:03:26+09:00
2026,고1,한국사,B형,19,10한사1-03-02,개항기,자료 제시형,뮤지컬 포스터,"1884년, 김옥균, 우정총국, 삼일천하, 급진 개화파",2,갑신정변,output/images/basic/2026_고1_한국사_B형_19.png,input/pdf/(2026)고1한국사(B형)검사지.pdf,2026-07-11T14:03:26+09:00
2026,고1,한국사,B형,20,10한사1-03-02,개항기,퀴즈형,골든벨,"고부 농민 봉기, 동학 농민 운동, 녹두 장군",4,전봉준,output/images/basic/2026_고1_한국사_B형_20.png,input/pdf/(2026)고1한국사(B형)검사지.pdf,2026-07-11T14:03:26+09:00
2026,고1,한국사,B형,21,10한사1-03-02,개항기,자료 제시형,Q&A,"서재필, 신문·잡지 발간, 만민 공동회",3,독립협회,output/images/basic/2026_고1_한국사_B형_21.png,input/pdf/(2026)고1한국사(B형)검사지.pdf,2026-07-11T14:03:26+09:00
2026,고1,한국사,B형,22,10한사1-03-03,개항기,대화형,인물 2인 대화,"전등, 전차, 서양 기술",1,서구 문물의 도입,output/images/basic/2026_고1_한국사_B형_22.png,input/pdf/(2026)고1한국사(B형)검사지.pdf,2026-07-11T14:03:26+09:00
2026,고1,한국사,B형,23,10한사1-03-03,개항기,계획서형,다큐멘터리 기획안,"아관 파천, 철도, 금광 채굴권, 대한 제국",3,열강의 이권 침탈,output/images/basic/2026_고1_한국사_B형_23.png,input/pdf/(2026)고1한국사(B형)검사지.pdf,2026-07-11T14:03:26+09:00
2026,고1,한국사,B형,24,10한사1-03-04,개항기,인터뷰형,역사 인물 인터뷰,"서상돈, 담배 끊기, 일본 빚 1,300만 원",5,국채 보상 운동,output/images/basic/2026_고1_한국사_B형_24.png,input/pdf/(2026)고1한국사(B형)검사지.pdf,2026-07-11T14:03:26+09:00
2026,고1,한국사,B형,25,10한사1-03-04,개항기,수업형,교사 설명(사진 자료),"헤이그 특사, 이준·이상설·이위종, 외교권 강탈",5,을사늑약,output/images/basic/2026_고1_한국사_B형_25.png,input/pdf/(2026)고1한국사(B형)검사지.pdf,2026-07-11T14:03:26+09:00
2026,고1,한국사,A형,1,10한사1-01-01,삼국시대 이전,대화형,학생 3인 대화,"청동기 문화, 8조법, 단군왕검",4,고조선,output/images/basic/2026_고1_한국사_A형_1.png,input/pdf/(2026)고1한국사(A형)검사지.pdf,2026-07-11T14:04:17+09:00
2026,고1,한국사,A형,2,10한사1-01-01,삼국시대,자료 제시형,학술 대회 안내문,"고이왕 관등제, 소수림왕 율령, 내물 마립간",5,중앙집권적 고대 국가로 성장,output/images/basic/2026_고1_한국사_A형_2.png,input/pdf/(2026)고1한국사(A형)검사지.pdf,2026-07-11T14:04:17+09:00
2026,고1,한국사,A형,3,10한사1-01-01,삼국시대,자료 제시형,유적 사진 화면 제시,"광개토왕비, 요동·만주, 왜군 격퇴",5,광개토 대왕,output/images/basic/2026_고1_한국사_A형_3.png,input/pdf/(2026)고1한국사(A형)검사지.pdf,2026-07-11T14:04:17+09:00
2026,고1,한국사,A형,4,10한사1-02-03,삼국시대,실내전시형,실내 전시 화면 해설,"수산리 고분 벽화, 시종, 귀족",2,신분제 사회,output/images/basic/2026_고1_한국사_A형_4.png,input/pdf/(2026)고1한국사(A형)검사지.pdf,2026-07-11T14:04:17+09:00
2026,고1,한국사,A형,5,10한사1-01-01,삼국시대,자료 제시형,역사 연극 대본,"김춘추, 당 태종, 황산벌, 김유신, 계백",1,삼국 통일의 과정,output/images/basic/2026_고1_한국사_A형_5.png,input/pdf/(2026)고1한국사(A형)검사지.pdf,2026-07-11T14:04:17+09:00
2026,고1,한국사,A형,6,10한사1-02-02,남북국시대,수업형,온라인 탐구 학습 화면,"통일신라, 신문왕, 녹읍, 조세 징수권",3,관료전,output/images/basic/2026_고1_한국사_A형_6.png,input/pdf/(2026)고1한국사(A형)검사지.pdf,2026-07-11T14:04:17+09:00
2026,고1,한국사,A형,7,10한사1-02-01,남북국시대,인터뷰형,기자와 역사 인물 인터뷰,"청해진, 해적 소탕, 신라·당·일본 해상 무역",4,장보고,output/images/basic/2026_고1_한국사_A형_7.png,input/pdf/(2026)고1한국사(A형)검사지.pdf,2026-07-11T14:04:17+09:00
2026,고1,한국사,A형,8,10한사1-01-02,고려,카드형,역사 만화 카드 2장,"태조 왕건, 혼인 정책, 사성 정책, 호족",5,호족 세력 포용,output/images/basic/2026_고1_한국사_A형_8.png,input/pdf/(2026)고1한국사(A형)검사지.pdf,2026-07-11T14:04:17+09:00
2026,고1,한국사,A형,9,10한사1-01-02,고려,자료 제시형,지식 Q&A 게시판,"광종, 능력에 따른 관리 선발, 음서",1,과거제,output/images/basic/2026_고1_한국사_A형_9.png,input/pdf/(2026)고1한국사(A형)검사지.pdf,2026-07-11T14:04:17+09:00
2026,고1,한국사,A형,10,10한사1-02-01,고려,수업형,학생 2인 역할극,"거란 1차 침입, 서희, 소손녕, 강동 6주",4,강동 6주 확보,output/images/basic/2026_고1_한국사_A형_10.png,input/pdf/(2026)고1한국사(A형)검사지.pdf,2026-07-11T14:04:17+09:00
2026,고1,한국사,A형,11,10한사1-01-02,고려,수업형,역사 인물 토론회,"묘청, 김부식, 서경 천도, 명당설",3,문벌 사회의 동요,output/images/basic/2026_고1_한국사_A형_11.png,input/pdf/(2026)고1한국사(A형)검사지.pdf,2026-07-11T14:04:17+09:00
2026,고1,한국사,A형,12,10한사1-01-02,고려,대화형,학생 2인 대화,"무신 정변, 무신 정권, 과도한 세금, 토지 겸병",1,농민·천민의 반란,output/images/basic/2026_고1_한국사_A형_12.png,input/pdf/(2026)고1한국사(A형)검사지.pdf,2026-07-11T14:04:17+09:00
2026,고1,한국사,A형,13,10한사1-01-02,고려,메신저형,메신저 대화(교사·학생),"공민왕, 기철, 친원 세력 제거, 쌍성총관부 수복",2,몽골풍 금지,output/images/basic/2026_고1_한국사_A형_13.png,input/pdf/(2026)고1한국사(A형)검사지.pdf,2026-07-11T14:04:17+09:00
2026,고1,한국사,A형,14,10한사1-02-02,고려,챗봇형,인공지능 챗봇 대화,"진대법, 의창, 상평창, 곡식 대여, 물가 조절",2,농민 생활의 안정,output/images/basic/2026_고1_한국사_A형_14.png,input/pdf/(2026)고1한국사(A형)검사지.pdf,2026-07-11T14:04:17+09:00
2026,고1,한국사,A형,15,10한사1-02-04,고려,자료 제시형,수행평가 보고서,"팔만대장경판, 직지, 금속활자, 몽골의 침입",1,고려 문화유산,output/images/basic/2026_고1_한국사_A형_15.png,input/pdf/(2026)고1한국사(A형)검사지.pdf,2026-07-11T14:04:17+09:00
2026,고1,한국사,A형,16,10한사1-01-03,조선,수업형,발표 수업,"6조 직계제, 태종, 의정부, 6조",3,국왕 중심 정치·왕권 강화,output/images/basic/2026_고1_한국사_A형_16.png,input/pdf/(2026)고1한국사(A형)검사지.pdf,2026-07-11T14:04:17+09:00
2026,고1,한국사,A형,17,10한사1-01-03,조선,자료 제시형,수행평가 보고서,"조선 기본 법전, 세조, 성종, 유교적 법치",1,경국대전,output/images/basic/2026_고1_한국사_A형_17.png,input/pdf/(2026)고1한국사(A형)검사지.pdf,2026-07-11T14:04:17+09:00
2026,고1,한국사,A형,18,10한사1-01-03,조선,카드형,역사 용어 카드,"3사, 사헌부, 사간원, 홍문관",4,권력 독점 견제,output/images/basic/2026_고1_한국사_A형_18.png,input/pdf/(2026)고1한국사(A형)검사지.pdf,2026-07-11T14:04:17+09:00
2026,고1,한국사,A형,19,10한사1-01-03,조선,자료 제시형,도서 목차,"사림, 훈구, 조의제문, 연산군, 조광조",1,사화,output/images/basic/2026_고1_한국사_A형_19.png,input/pdf/(2026)고1한국사(A형)검사지.pdf,2026-07-11T14:04:17+09:00
2026,고1,한국사,A형,20,10한사1-02-01,조선,퀴즈형,골든벨,"통신사, 임진왜란, 국교 복원",5,일본과의 관계 회복,output/images/basic/2026_고1_한국사_A형_20.png,input/pdf/(2026)고1한국사(A형)검사지.pdf,2026-07-11T14:04:17+09:00
2026,고1,한국사,A형,21,10한사1-02-03,조선,자료 제시형,웹툰 소개,"상품 화폐 경제, 족보 매매, 몰락 양반, 부농",3,조선 후기 신분 질서 변화,output/images/basic/2026_고1_한국사_A형_21.png,input/pdf/(2026)고1한국사(A형)검사지.pdf,2026-07-11T14:04:17+09:00
2026,고1,한국사,A형,22,10한사1-01-04,조선,영상자료형,뉴스 보도,"정조, 유네스코 세계유산, 개혁·상업 중심지",3,수원 화성,output/images/basic/2026_고1_한국사_A형_22.png,input/pdf/(2026)고1한국사(A형)검사지.pdf,2026-07-11T14:04:17+09:00
2026,고1,한국사,A형,23,10한사1-02-04,조선,자료 제시형,인터넷 검색창,"서민 문화, 소리꾼, 고수, 풍자",2,판소리,output/images/basic/2026_고1_한국사_A형_23.png,input/pdf/(2026)고1한국사(A형)검사지.pdf,2026-07-11T14:04:17+09:00
2026,고1,한국사,A형,24,10한사1-02-02,조선,자료 제시형,Q&A,"모내기법, 상품 작물, 광작",3,조선 후기 농업 변화,output/images/basic/2026_고1_한국사_A형_24.png,input/pdf/(2026)고1한국사(A형)검사지.pdf,2026-07-11T14:04:17+09:00
2026,고1,한국사,A형,25,10한사1-01-04,개항기,답사형,가이드 1명 설명,"경복궁 중건, 고종의 아버지, 왕실 권위",4,흥선 대원군,output/images/basic/2026_고1_한국사_A형_25.png,input/pdf/(2026)고1한국사(A형)검사지.pdf,2026-07-11T14:04:17+09:00
